"ID","timest","tempc","tempf","SampleID","USE","H2FR","InertFR","EthFR","H2SV","InertSV","EthSV","LightValue","AmbientT","ThermoT","InternalT","ReactorSV","HydrogenPPM","RunTime"
,"506","2013-05-03 09:05:30","23.74","74.732","4895151","","0","0","0","","","","745","23.74","247.25
","24.37
","250.0625","68",""
,"507","2013-05-03 09:05:40","23.74","74.732","","","0","0","0","","","","744","23.74","246.00
","24.31
","250.0625","69",""
,"508","2013-05-03 09:05:56","23.74","74.732","","","0","0","0","","","","744","23.74","244.25
","24.31
","250.0625","69",""
,"509","2013-05-03 09:06:02","23.74","74.732","","","0","0","0","","","","744","23.74","244.25
","24.31
","250.0625","69",""
,"510","2013-05-03 09:06:13","23.74","74.732","","","0","0","0","","","","744","23.74","245.00
","24.31
","250.0625","69",""
,"511","2013-05-03 09:06:30","23.74","74.732","","","0","0","0","","","","744","23.74","246.25
","24.31
","250.0625","69",""
,"512","2013-05-03 09:06:46","23.74","74.732","","","0","0","0","","","","744","23.74","245.50
","24.31
","250.0625","69",""
,"513","2013-05-03 09:07:01","23.74","74.732","","","0","0","0","","","","744","23.74","246.25
","24.31
","250.0625","70",""
,"514","2013-05-03 09:07:02","23.74","74.732","","","0","0","0","","","","744","23.74","246.50
","24.31
","250.0625","69",""
,"515","2013-05-03 09:07:19","23.74","74.732","","","0","0","0","","","","744","23.74","249.25
","24.31
","250.0625","69",""
,"516","2013-05-03 09:07:35","23.74","74.732","","","0","0","0","","","","744","23.74","251.75
","24.31
","250.0625","69",""
,"517","2013-05-03 09:07:52","23.74","74.732","","","0","0","0","","","","743","23.74","253.50
","24.37
","250.0625","69",""
,"518","2013-05-03 09:08:01","23.89","75.002","","","0","0","0","","","","743","23.89","254.50
","24.37
","250.0625","69",""
,"519","2013-05-03 09:08:08","23.89","75.002","","","0","0","0","","","","743","23.89","255.25
","24.37
","250.0625","69",""
,"520","2013-05-03 09:08:25","23.74","74.732","","","0","0","0","","","","743","23.74","257.00
","24.37
","250.0625","69",""
,"521","2013-05-03 09:08:42","23.89","75.002","","","0","0","0","","","","743","23.89","257.50
","24.37
","250.0625","69",""
,"522","2013-05-03 09:08:59","23.89","75.002","","","0","0","0","","","","743","23.89","258.00
","24.44
","250.0625","70",""
,"523","2013-05-03 09:09:02","23.89","75.002","","","0","0","0","","","","743","23.89","258.25
","24.37
","250.0625","69",""
,"524","2013-05-03 09:09:15","23.89","75.002","","","0","0","0","","","","743","23.89","258.50
","24.44
","250.0625","69",""
,"525","2013-05-03 09:09:32","23.89","75.002","","","0","0","0","","","","743","23.89","258.25
","24.44
","250.0625","69",""
,"526","2013-05-03 09:09:48","23.74","74.732","","","0","0","0","","","","743","23.74","257.75
","24.44
","250.0625","69",""
,"527","2013-05-03 09:10:02","23.74","74.732","","","0","0","0","","","","743","23.74","257.50
","24.44
","250.0625","69",""
,"528","2013-05-03 09:10:04","23.74","74.732","","","0","0","0","","","","742","23.74","257.25
","24.44
","250.0625","69",""
,"529","2013-05-03 09:10:20","23.89","75.002","","","0","0","0","","","","742","23.89","257.25
","24.37
","250.0625","69",""
,"530","2013-05-03 09:10:37","23.89","75.002","","","0","0","0","","","","742","23.89","256.50
","24.37
","250.0625","69",""
,"531","2013-05-03 09:10:53","23.89","75.002","","","0","0","0","","","","742","23.89","256.25
","24.44
","250.0625","69",""
,"532","2013-05-03 09:11:02","23.74","74.732","","","0","0","0","","","","742","23.74","255.50
","24.44
","250.0625","69",""
,"533","2013-05-03 09:11:09","23.74","74.732","","","0","0","0","","","","742","23.74","254.75
","24.44
","250.0625","69",""
,"534","2013-05-03 09:11:25","23.74","74.732","","","0","0","0","","","","742","23.74","254.00
","24.44
","250.0625","69",""
,"535","2013-05-03 09:11:42","23.89","75.002","","","0","0","0","","","","742","23.89","252.75
","24.44
","250.0625","69",""
,"536","2013-05-03 09:11:58","23.89","75.002","","","0","0","0","","","","742","23.89","252.00
","24.44
","250.0625","69",""
,"537","2013-05-03 09:12:02","23.74","74.732","","","0","0","0","","","","742","23.74","251.75
","24.44
","250.0625","69",""
,"538","2013-05-03 09:12:14","23.89","75.002","","","0","0","0","","","","741","23.89","250.75
","24.44
","250.0625","69",""
,"539","2013-05-03 09:12:30","23.89","75.002","","","0","0","0","","","","740","23.89","250.25
","24.44
","250.0625","69",""
,"540","2013-05-03 09:12:46","23.89","75.002","","","0","0","0","","","","742","23.89","249.50
","24.44
","250.0625","69",""
,"541","2013-05-03 09:13:01","23.89","75.002","","","0","0","0","","","","741","23.89","249.00
","24.50
","250.0625","69",""
,"542","2013-05-03 09:13:03","23.74","74.732","","","0","0","0","","","","742","23.74","248.75
","24.50
","250.0625","69",""
,"543","2013-05-03 09:13:21","23.74","74.732","","","0","0","0","","","","742","23.74","248.00
","24.44
","250.0625","69",""
,"544","2013-05-03 09:13:37","23.74","74.732","","","0","0","0","","","","741","23.74","247.25
","24.50
","250.0625","69",""
,"545","2013-05-03 09:13:53","23.89","75.002","","","0","0","0","","","","741","23.89","246.25
","24.44
","250.0625","70",""
,"546","2013-05-03 09:14:02","23.89","75.002","","","0","0","0","","","","741","23.89","246.00
","24.44
","250.0625","69",""
,"547","2013-05-03 09:14:09","23.74","74.732","","","0","0","0","","","","741","23.74","245.75
","24.44
","250.0625","69",""
,"548","2013-05-03 09:14:26","23.74","74.732","","","0","0","0","","","","741","23.74","245.00
","24.44
","250.0625","69",""
,"549","2013-05-03 09:14:42","23.89","75.002","","","0","0","0","","","","741","23.89","244.75
","24.44
","250.0625","69",""
,"550","2013-05-03 09:14:58","23.74","74.732","","","0","0","0","","","","741","23.74","244.75
","24.44
","250.0625","69",""
,"551","2013-05-03 09:15:02","23.74","74.732","","","0","0","0","","","","741","23.74","244.75
","24.44
","250.0625","69",""
,"552","2013-05-03 09:15:14","23.74","74.732","","","0","0","0","","","","741","23.74","244.50
","24.44
","250.0625","69",""
,"553","2013-05-03 09:15:30","23.74","74.732","","","0","0","0","","","","741","23.74","244.00
","24.44
","250.0625","69",""
,"554","2013-05-03 09:15:47","23.74","74.732","","","0","0","0","","","","740","23.74","243.50
","24.44
","250.0625","69",""
,"555","2013-05-03 09:16:02","23.74","74.732","","","0","0","0","","","","741","23.74","243.25
","24.44
","250.0625","69",""
,"556","2013-05-03 09:16:03","23.74","74.732","","","0","0","0","","","","740","23.74","243.25
","24.44
","250.0625","69",""
,"557","2013-05-03 09:16:19","23.74","74.732","","","0","0","0","","","","740","23.74","243.25
","24.44
","250.0625","69",""
,"558","2013-05-03 09:16:35","23.74","74.732","","","0","0","0","","","","740","23.74","243.25
","24.44
","250.0625","69",""
,"559","2013-05-03 09:16:51","23.74","74.732","","","0","0","0","","","","740","23.74","242.75
","24.37
","250.0625","69",""
,"560","2013-05-03 09:17:01","23.74","74.732","","","0","0","0","","","","740","23.74","242.75
","24.37
","250.0625","70",""
,"561","2013-05-03 09:17:07","23.74","74.732","","","0","0","0","","","","740","23.74","242.75
","24.37
","250.0625","69",""
,"562","2013-05-03 09:17:23","23.74","74.732","","","0","0","0","","","","740","23.74","243.25
","24.37
","250.0625","69",""
,"563","2013-05-03 09:17:40","23.74","74.732","","","0","0","0","","","","740","23.74","244.00
","24.44
","250.0625","68",""
,"564","2013-05-03 09:17:56","23.59","74.462","","","0","0","0","","","","740","23.59","242.25
","24.37
","250.0625","68",""
,"565","2013-05-03 09:18:02","23.59","74.462","","","0","0","0","","","","740","23.59","241.50
","24.37
","250.0625","68",""
,"566","2013-05-03 09:18:12","23.59","74.462","","","0","0","0","","","","740","23.59","240.75
","24.31
","250.0625","69",""
,"567","2013-05-03 09:18:28","23.44","74.192","","","0","0","0","","","","740","23.44","239.25
","24.31
","250.0625","69",""
,"568","2013-05-03 09:18:44","23.59","74.462","","","0","0","0","","","","740","23.59","239.00
","24.31
","250.0625","69",""
,"569","2013-05-03 09:19:00","23.59","74.462","","","0","0","0","","","","739","23.59","239.50
","24.31
","250.0625","69",""
,"570","2013-05-03 09:19:02","23.59","74.462","","","0","0","0","","","","739","23.59","239.50
","24.25
","250.0625","69",""
,"571","2013-05-03 09:19:06","23.59","74.462","","","0","0","0","","","","739","23.59","239.00
","24.31
","250.0625","69",""
,"572","2013-05-03 09:19:22","23.59","74.462","","","0","0","0","","","","739","23.59","239.25
","24.25
","250.0625","69",""
,"573","2013-05-03 09:19:38","23.59","74.462","","","0","0","0","","","","739","23.59","240.00
","24.19
","250.0625","69",""
,"574","2013-05-03 09:19:46","23.59","74.462","","","0","0","0","","","","739","23.59","240.75
","24.25
","250.0625","69",""
,"575","2013-05-03 09:20:02","23.74","74.732","","","0","0","0","","","","739","23.74","242.75
","24.25
","250.0625","68",""
,"576","2013-05-03 09:20:03","23.74","74.732","","","0","0","0","","","","739","23.74","242.75
","24.25
","250.0625","68",""
,"577","2013-05-03 09:20:20","23.74","74.732","","","0","0","0","","","","739","23.74","242.75
","24.25
","250.0625","69",""
,"578","2013-05-03 09:20:23","23.59","74.462","","","0","0","0","","","","739","23.59","242.75
","24.25
","250.0625","69",""
,"579","2013-05-03 09:20:39","23.59","74.462","","","0","0","0","","","","739","23.59","242.50
","24.25
","250.0625","69",""
,"580","2013-05-03 09:20:55","23.74","74.732","","","0","0","0","","","","739","23.74","244.75
","24.25
","250.0625","69",""
,"581","2013-05-03 09:21:02","23.74","74.732","","","0","0","0","","","","739","23.74","246.00
","24.31
","250.0625","69",""
,"582","2013-05-03 09:21:05","23.74","74.732","","","0","0","0","","","","739","23.74","246.50
","24.31
","250.0625","69",""
,"583","2013-05-03 09:21:19","23.74","74.732","","","0","0","0","","","","739","23.74","249.00
","24.31
","250.0625","69",""
,"584","2013-05-03 09:21:32","23.74","74.732","","","0","0","0","","","","739","23.74","251.25
","24.31
","250.0625","69",""
,"585","2013-05-03 09:21:48","23.59","74.462","","","0","0","0","","","","739","23.59","251.75
","24.31
","250.0625","69",""
,"586","2013-05-03 09:21:49","23.59","74.462","","","0","0","0","","","","739","23.59","252.00
","24.25
","250.0625","69",""
,"587","2013-05-03 09:22:02","23.74","74.732","","","0","0","0","","","","739","23.74","250.75
","24.25
","250.0625","69",""
,"588","2013-05-03 09:22:06","23.59","74.462","","","0","0","0","","","","739","23.59","250.50
","24.25
","250.0625","69",""
,"589","2013-05-03 09:22:13","23.59","74.462","","","0","0","0","","","","739","23.59","250.50
","24.25
","250.0625","68",""
,"590","2013-05-03 09:22:30","23.59","74.462","","","0","0","0","","","","738","23.59","250.50
","24.25
","250.0625","68",""
,"591","2013-05-03 09:22:33","23.59","74.462","","","0","0","0","","","","739","23.59","250.50
","24.25
","250.0625","69",""
,"592","2013-05-03 09:22:49","23.59","74.462","","","0","0","0","","","","739","23.59","251.00
","24.25
","250.0625","69",""
,"593","2013-05-03 09:23:02","23.74","74.732","","","0","0","0","","","","738","23.74","252.50
","24.25
","250.0625","69",""
,"594","2013-05-03 09:23:05","23.74","74.732","","","0","0","0","","","","739","23.74","252.75
","24.31
","250.0625","69",""
,"595","2013-05-03 09:23:22","23.74","74.732","","","0","0","0","","","","738","23.74","252.75
","24.31
","250.0625","69",""
,"596","2013-05-03 09:23:39","23.59","74.462","","","0","0","0","","","","738","23.59","252.25
","24.25
","250.0625","69",""
,"597","2013-05-03 09:23:55","23.74","74.732","","","0","0","0","","","","738","23.74","252.50
","24.25
","250.0625","69",""
,"598","2013-05-03 09:24:01","23.74","74.732","","","0","0","0","","","","738","23.74","252.50
","24.25
","250.0625","69",""
,"599","2013-05-03 09:24:11","23.74","74.732","","","0","0","0","","","","738","23.74","252.75
","24.25
","250.0625","69",""
,"600","2013-05-03 09:24:28","23.74","74.732","","","0","0","0","","","","738","23.74","253.75
","24.19
","250.0625","69",""
,"601","2013-05-03 09:24:45","23.74","74.732","","","0","0","0","","","","738","23.74","255.00
","24.19
","250.0625","69",""
,"602","2013-05-03 09:25:01","23.59","74.462","","","0","0","0","","","","738","23.59","254.75
","24.19
","250.0625","68",""
,"603","2013-05-03 09:25:02","23.59","74.462","","","0","0","0","","","","738","23.59","254.75
","24.19
","250.0625","68",""
,"604","2013-05-03 09:25:18","23.59","74.462","","","0","0","0","","","","738","23.59","256.00
","24.25
","250.0625","69",""
,"605","2013-05-03 09:25:34","23.74","74.732","","","0","0","0","","","","738","23.74","256.75
","24.25
","250.0625","69",""
,"606","2013-05-03 09:25:47","23.74","74.732","","","0","0","0","","","","738","23.74","256.50
","24.25
","250.0625","68",""
,"607","2013-05-03 09:26:02","23.59","74.462","","","0","0","0","","","","738","23.59","256.50
","24.19
","250.0625","69",""
,"608","2013-05-03 09:26:04","23.59","74.462","","","0","0","0","","","","738","23.59","256.50
","24.25
","250.0625","68",""
,"609","2013-05-03 09:26:20","23.59","74.462","","","0","0","0","","","","738","23.59","256.50
","24.19
","250.0625","69",""
,"610","2013-05-03 09:26:36","23.59","74.462","","","0","0","0","","","","738","23.59","255.25
","24.19
","250.0625","69",""
,"611","2013-05-03 09:26:52","23.59","74.462","","","0","0","0","","","","738","23.59","255.25
","24.19
","250.0625","68",""
,"612","2013-05-03 09:27:01","23.59","74.462","","","0","0","0","","","","737","23.59","254.25
","24.25
","250.0625","69",""
,"613","2013-05-03 09:27:02","23.59","74.462","","","0","0","0","","","","738","23.59","254.00
","24.19
","250.0625","69",""
,"614","2013-05-03 09:27:17","23.59","74.462","","","0","0","0","","","","738","23.59","251.50
","24.19
","250.0625","69",""
,"615","2013-05-03 09:27:34","23.59","74.462","","","0","0","0","","","","737","23.59","251.25
","24.25
","250.0625","69",""
,"616","2013-05-03 09:27:50","23.74","74.732","","","0","0","0","","","","737","23.74","251.00
","24.25
","250.0625","69",""
,"617","2013-05-03 09:28:02","23.59","74.462","","","0","0","0","","","","737","23.59","251.25
","24.25
","250.0625","69",""
,"618","2013-05-03 09:28:07","23.59","74.462","","","0","0","0","","","","737","23.59","251.50
","24.25
","250.0625","68",""
,"619","2013-05-03 09:28:23","23.59","74.462","","","0","0","0","","","","737","23.59","250.50
","24.19
","250.0625","68",""
,"620","2013-05-03 09:28:39","23.59","74.462","","","0","0","0","","","","737","23.59","251.00
","24.25
","250.0625","68",""
,"621","2013-05-03 09:28:56","23.59","74.462","","","0","0","0","","","","737","23.59","251.00
","24.25
","250.0625","68",""
,"622","2013-05-03 09:29:03","23.59","74.462","","","0","0","0","","","","737","23.59","251.00
","24.25
","250.0625","68",""
,"623","2013-05-03 09:29:13","23.74","74.732","","","0","0","0","","","","738","23.74","249.50
","24.19
","250.0625","69",""
,"624","2013-05-03 09:29:29","23.59","74.462","","","0","0","0","","","","737","23.59","248.00
","24.19
","250.0625","69",""
,"625","2013-05-03 09:29:46","23.74","74.732","","","0","0","0","","","","737","23.74","249.50
","24.25
","250.0625","69",""
,"626","2013-05-03 09:30:01","23.74","74.732","","","0","0","0","","","","737","23.74","251.50
","24.25
","250.0625","69",""
,"627","2013-05-03 09:30:02","23.74","74.732","","","0","0","0","","","","737","23.74","251.50
","24.31
","250.0625","69",""
,"628","2013-05-03 09:30:08","23.74","74.732","","","0","0","0","","","","737","23.74","252.25
","24.31
","250.0625","69",""
,"629","2013-05-03 09:30:18","23.74","74.732","","","0","0","0","","","","737","23.74","253.50
","24.31
","250.0625","69",""
,"630","2013-05-03 09:30:24","23.74","74.732","","","0","0","0","","","0","737","23.74","254.00
","24.25
","250.0625","70",""
,"631","2013-05-03 09:30:35","23.74","74.732","","","0","0","0","","","","737","23.74","254.75
","24.25
","250.0625","69",""
,"632","2013-05-03 09:30:51","23.59","74.462","","","0","0","0","","","","737","23.59","255.75
","24.31
","250.0625","69",""
,"633","2013-05-03 09:31:01","23.59","74.462","","","0","0","0","","","","737","23.59","255.75
","24.31
","250.0625","69",""
,"634","2013-05-03 09:31:07","23.74","74.732","","","0","0","0","","","","737","23.74","256.00
","24.31
","250.0625","69",""
,"635","2013-05-03 09:31:21","23.59","74.462","","","0","0","0","","","","737","23.59","256.00
","24.31
","250.0625","69",""
,"636","2013-05-03 09:31:37","23.74","74.732","","","0","0","0","","","","737","23.74","256.25
","24.31
","250.0625","69",""
,"637","2013-05-03 09:31:45","23.59","74.462","","","0","0","0","","","","737","23.59","256.25
","24.31
","250.0625","69",""
,"638","2013-05-03 09:32:01","23.59","74.462","","","0","0","0","","","","737","23.59","255.75
","24.31
","250.0625","70",""
,"639","2013-05-03 09:32:04","23.59","74.462","","","0","0","0","","","","737","23.59","255.75
","24.31
","250.0625","70",""
,"640","2013-05-03 09:32:18","23.59","74.462","","","0","0","0","","","","737","23.59","255.00
","24.31
","250.0625","69",""
,"641","2013-05-03 09:32:32","23.59","74.462","","","0","0","0","","","","737","23.59","254.50
","24.31
","250.0625","69",""
,"642","2013-05-03 09:32:48","23.59","74.462","","","0","0","0","","","","737","23.59","253.75
","24.25
","250.0625","69",""
,"643","2013-05-03 09:33:01","23.74","74.732","","","0","0","0","","","","737","23.74","253.25
","24.31
","250.0625","69",""
,"644","2013-05-03 09:33:05","23.59","74.462","","","0","0","0","","","","737","23.59","253.00
","24.31
","250.0625","69",""
,"645","2013-05-03 09:33:21","23.74","74.732","","","0","0","0","","","","737","23.74","252.00
","24.31
","250.0625","69",""
,"646","2013-05-03 09:33:37","23.74","74.732","","","0","0","0","","","","737","23.74","251.50
","24.31
","250.0625","69",""
,"647","2013-05-03 09:33:53","23.74","74.732","","","0","0","0","","","","737","23.74","251.00
","24.31
","250.0625","69",""
,"648","2013-05-03 09:34:01","23.74","74.732","","","0","0","0","","","","737","23.74","250.75
","24.31
","250.0625","69",""
,"649","2013-05-03 09:34:10","23.59","74.462","","","0","0","0","","","","737","23.59","250.25
","24.31
","250.0625","68",""
,"650","2013-05-03 09:34:26","23.59","74.462","","","0","0","0","","","","737","23.59","248.25
","24.31
","250.0625","69",""
,"651","2013-05-03 09:34:42","23.59","74.462","","","0","0","0","","","","737","23.59","246.00
","24.31
","250.0625","68",""
,"652","2013-05-03 09:34:58","23.59","74.462","","","0","0","0","","","","737","23.59","243.50
","24.25
","250.0625","69",""
,"653","2013-05-03 09:35:02","23.59","74.462","","","0","0","0","","","","737","23.59","243.50
","24.31
","250.0625","69",""
,"654","2013-05-03 09:35:15","23.59","74.462","","","0","0","0","","","","736","23.59","242.75
","24.25
","250.0625","68",""
,"655","2013-05-03 09:35:21","23.59","74.462","","","0","0","0","","","","737","23.59","242.00
","24.31
","250.0625","68",""
,"656","2013-05-03 09:35:36","23.74","74.732","","","0","0","0","","","","737","23.74","240.25
","24.25
","250.0625","69",""
,"657","2013-05-03 09:35:52","23.59","74.462","","","0","0","0","","","","737","23.59","237.75
","24.19
","250.0625","69",""
,"658","2013-05-03 09:36:02","23.59","74.462","","","0","0","0","","","","736","23.59","237.00
","24.19
","250.0625","69",""
,"659","2013-05-03 09:36:09","23.59","74.462","","","0","0","0","","","","735","23.59","237.00
","24.19
","250.0625","68",""
,"660","2013-05-03 09:36:16","23.59","74.462","","","0","0","0","","","","737","23.59","236.00
","24.19
","250.0625","69",""
,"661","2013-05-03 09:36:32","23.59","74.462","","","0","0","0","","","","737","23.59","235.25
","24.19
","250.0625","69",""
,"662","2013-05-03 09:36:42","23.59","74.462","","","0","0","0","","","","737","23.59","235.00
","24.19
","250.0625","69",""
,"663","2013-05-03 09:36:59","23.59","74.462","","","0","0","0","","","","736","23.59","234.50
","24.19
","250.0625","68",""
,"664","2013-05-03 09:37:02","23.59","74.462","","","0","0","0","","","","736","23.59","234.75
","24.19
","250.0625","69",""
,"665","2013-05-03 09:37:15","23.59","74.462","","","0","0","0","","","","736","23.59","236.25
","24.19
","250.0625","68",""
,"666","2013-05-03 09:37:28","23.44","74.192","","","0","0","0","","","","736","23.44","237.25
","24.19
","250.0625","68",""
,"667","2013-05-03 09:37:44","23.59","74.462","","","0","0","0","","","","808","23.59","237.00
","24.19
","250.0625","69",""
,"668","2013-05-03 09:38:00","23.59","74.462","","","0","0","0","","","","805","23.59","237.00
","24.19
","250.0625","69",""
,"669","2013-05-03 09:38:02","23.59","74.462","","","0","0","0","","","","809","23.59","237.00
","24.19
","250.0625","69",""
,"670","2013-05-03 09:38:16","23.74","74.732","","","0","0","0","","","","813","23.74","238.00
","24.19
","250.0625","68",""
,"671","2013-05-03 09:38:22","23.74","74.732","","","0","0","0","","","","813","23.74","238.75
","24.19
","250.0625","69",""
,"672","2013-05-03 09:38:39","23.74","74.732","","","0","0","0","","","","814","23.74","240.00
","24.19
","250.0625","69",""
,"673","2013-05-03 09:38:55","23.74","74.732","","","0","0","0","","","","795","23.74","241.50
","24.19
","250.0625","69",""
,"674","2013-05-03 09:39:02","23.74","74.732","","","0","0","0","","","","814","23.74","242.25
","24.19
","250.0625","69",""
,"675","2013-05-03 09:39:11","23.59","74.462","","","0","0","0","","","","816","23.59","243.00
","24.25
","250.0625","69",""
,"676","2013-05-03 09:39:27","23.74","74.732","","","0","0","0","","","","816","23.74","245.50
","24.25
","250.0625","69",""
,"677","2013-05-03 09:39:43","23.59","74.462","","","0","0","0","","","","822","23.59","248.50
","24.31
","250.0625","69",""
,"678","2013-05-03 09:40:00","23.74","74.732","","","0","0","0","","","","825","23.74","251.50
","24.31
","250.0625","69",""
,"679","2013-05-03 09:40:02","23.74","74.732","","","0","0","0","","","","818","23.74","251.75
","24.31
","250.0625","69",""
,"680","2013-05-03 09:40:07","23.74","74.732","","","0","0","0","","","","825","23.74","252.75
","24.31
","250.0625","69",""
,"681","2013-05-03 09:40:22","23.74","74.732","","","0","0","0","","","","824","23.74","254.75
","24.31
","250.0625","69",""
,"682","2013-05-03 09:40:39","23.74","74.732","","","0","0","0","","","","820","23.74","257.00
","24.37
","250.0625","69",""
,"683","2013-05-03 09:40:46","23.74","74.732","","","0","0","0","","","","826","23.74","257.75
","24.37
","250.0625","69",""
,"684","2013-05-03 09:41:02","23.74","74.732","","","0","0","0","","","","823","23.74","259.25
","24.37
","250.0625","69",""
,"685","2013-05-03 09:41:03","23.74","74.732","","","0","0","0","","","","830","23.74","259.25
","24.31
","250.0625","69",""
,"686","2013-05-03 09:41:19","23.89","75.002","","","0","0","0","","","","830","23.89","260.50
","24.37
","250.0625","69",""
,"687","2013-05-03 09:41:36","23.74","74.732","","","0","0","0","","","","827","23.74","261.25
","24.37
","250.0625","69",""
,"688","2013-05-03 09:41:45","23.74","74.732","","","0","0","0","","","","825","23.74","261.75
","24.37
","250.0625","69",""
,"689","2013-05-03 09:42:02","23.74","74.732","","","0","0","0","","","","823","23.74","262.00
","24.37
","250.0625","70",""
,"690","2013-05-03 09:42:03","23.74","74.732","","","0","0","0","","","","825","23.74","262.00
","24.37
","250.0625","69",""
,"691","2013-05-03 09:42:19","23.89","75.002","","","0","0","0","","","","823","23.89","261.75
","24.37
","250.0625","69",""
,"692","2013-05-03 09:42:35","23.74","74.732","","","0","0","0","","","","827","23.74","262.00
","24.37
","250.0625","69",""
,"693","2013-05-03 09:42:51","23.74","74.732","","","0","0","0","","","","830","23.74","261.50
","24.37
","250.0625","69",""
,"694","2013-05-03 09:43:02","23.74","74.732","","","0","0","0","","","","829","23.74","261.25
","24.37
","250.0625","70",""
,"695","2013-05-03 09:43:09","23.74","74.732","","","0","0","0","","","","832","23.74","261.00
","24.37
","250.0625","69",""
,"696","2013-05-03 09:43:25","23.74","74.732","","","0","0","0","","","","831","23.74","260.50
","24.31
","250.0625","70",""
,"697","2013-05-03 09:43:41","23.74","74.732","","","0","0","0","","","","826","23.74","260.00
","24.37
","250.0625","69",""
,"698","2013-05-03 09:43:58","23.74","74.732","","","0","0","0","","","","824","23.74","259.50
","24.37
","250.0625","69",""
,"699","2013-05-03 09:44:02","23.74","74.732","","","0","0","0","","","","823","23.74","259.50
","24.37
","250.0625","69",""
,"700","2013-05-03 09:44:14","23.74","74.732","","","0","0","0","","","","827","23.74","259.00
","24.37
","250.0625","70",""
,"701","2013-05-03 09:44:30","23.74","74.732","","","0","0","0","","","","831","23.74","257.25
","24.37
","250.0625","69",""
,"702","2013-05-03 09:44:46","23.59","74.462","","","0","0","0","","","","829","23.59","254.50
","24.31
","250.0625","69",""
,"703","2013-05-03 09:45:02","23.59","74.462","","","0","0","0","","","","830","23.59","252.25
","24.31
","250.0625","69",""
,"704","2013-05-03 09:45:03","23.59","74.462","","","0","0","0","","","","831","23.59","252.00
","24.37
","250.0625","69",""
,"705","2013-05-03 09:45:19","23.74","74.732","","","0","0","0","","","","830","23.74","248.75
","24.31
","250.0625","69",""
,"706","2013-05-03 09:45:35","23.74","74.732","","","0","0","0","","","","829","23.74","246.25
","24.31
","250.0625","69",""
,"707","2013-05-03 09:45:52","23.74","74.732","","","0","0","0","","","","832","23.74","243.75
","24.31
","250.0625","69",""
,"708","2013-05-03 09:46:02","23.74","74.732","","","0","0","0","","","","829","23.74","241.75
","24.31
","250.0625","69",""
,"709","2013-05-03 09:46:05","23.74","74.732","","","0","0","0","","","","828","23.74","241.50
","24.31
","250.0625","69",""
,"710","2013-05-03 09:46:21","23.74","74.732","","","0","0","0","","","","829","23.74","240.75
","24.31
","250.0625","69",""
,"711","2013-05-03 09:46:38","23.74","74.732","","","0","0","0","","","","828","23.74","238.75
","24.31
","250.0625","69",""
,"712","2013-05-03 09:46:54","23.74","74.732","","","0","0","0","","","","823","23.74","239.25
","24.31
","250.0625","69",""
,"713","2013-05-03 09:47:02","23.74","74.732","","","0","0","0","","","","825","23.74","239.00
","24.31
","250.0625","69",""
,"714","2013-05-03 09:47:10","23.74","74.732","","","0","0","0","","","","829","23.74","238.50
","24.31
","250.0625","70",""
,"715","2013-05-03 09:47:26","23.74","74.732","","","0","0","0","","","","823","23.74","240.00
","24.31
","250.0625","70",""
,"716","2013-05-03 09:47:42","23.74","74.732","","","0","0","0","","","","825","23.74","242.00
","24.37
","250.0625","70",""
,"717","2013-05-03 09:47:59","23.89","75.002","","","0","0","0","","","","823","23.89","244.00
","24.37
","250.0625","69",""
,"718","2013-05-03 09:48:02","23.89","75.002","","","0","0","0","","","","827","23.89","244.25
","24.37
","250.0625","69",""
,"719","2013-05-03 09:48:15","23.89","75.002","","","0","0","0","","","","828","23.89","245.75
","24.44
","250.0625","70",""
,"720","2013-05-03 09:48:18","23.89","75.002","","","0","0","0","","","","823","23.89","246.00
","24.37
","250.0625","70",""
,"721","2013-05-03 09:48:36","23.89","75.002","","","0","0","0","","","","831","23.89","247.75
","24.37
","250.0625","69",""
,"722","2013-05-03 09:48:39","23.89","75.002","","","0","0","0","","","","828","23.89","247.75
","24.44
","250.0625","69",""
,"723","2013-05-03 09:48:55","23.74","74.732","","","0","0","0","","","","831","23.74","248.75
","24.44
","250.0625","69",""
,"724","2013-05-03 09:49:01","23.74","74.732","","","0","0","0","","","","831","23.74","249.25
","24.44
","250.0625","69",""
,"725","2013-05-03 09:49:12","23.74","74.732","","","0","0","0","","","","825","23.74","249.25
","24.37
","250.0625","69",""
,"726","2013-05-03 09:49:28","23.74","74.732","","","0","0","0","","","","830","23.74","250.00
","24.37
","250.0625","70",""
,"727","2013-05-03 09:49:44","23.74","74.732","","","0","0","0","","","","828","23.74","250.75
","24.44
","250.0625","69",""
,"728","2013-05-03 09:50:01","23.74","74.732","","","0","0","0","","","","830","23.74","251.75
","24.44
","250.0625","69",""
,"729","2013-05-03 09:50:02","23.74","74.732","","","0","0","0","","","","829","23.74","251.75
","24.44
","250.0625","69",""
,"730","2013-05-03 09:50:17","23.74","74.732","","","0","0","0","","","","829","23.74","251.50
","24.37
","250.0625","69",""
,"731","2013-05-03 09:50:27","23.74","74.732","","","0","0","0","","","","827","23.74","251.25
","24.37
","250.0625","70",""
,"732","2013-05-03 09:50:43","23.74","74.732","","","0","0","0","","","","828","23.74","251.50
","24.44
","250.0625","70",""
,"733","2013-05-03 09:50:51","23.74","74.732","","","0","0","0","","","","828","23.74","251.75
","24.50
","250.0625","70",""
,"734","2013-05-03 09:51:02","23.74","74.732","","","0","0","0","","","","831","23.74","252.00
","24.44
","250.0625","69",""
,"735","2013-05-03 09:51:03","23.74","74.732","","","0","0","0","","","","830","23.74","252.25
","24.44
","250.0625","69",""
,"736","2013-05-03 09:51:19","23.74","74.732","","","0","0","0","","","","822","23.74","253.00
","24.44
","250.0625","70",""
,"737","2013-05-03 09:51:35","23.74","74.732","","","0","0","0","","","","828","23.74","253.25
","24.44
","250.0625","70",""
,"738","2013-05-03 09:51:44","23.74","74.732","","","0","0","0","","","","824","23.74","253.25
","24.37
","250.0625","70",""
,"739","2013-05-03 09:52:00","23.89","75.002","","","0","0","0","","","","822","23.89","253.00
","24.37
","250.0625","69",""
,"740","2013-05-03 09:52:02","23.74","74.732","","","0","0","0","","","","827","23.74","253.00
","24.44
","250.0625","70",""
,"741","2013-05-03 09:52:17","23.74","74.732","","","0","0","0","","","","823","23.74","252.75
","24.37
","250.0625","70",""
,"742","2013-05-03 09:52:33","23.74","74.732","","","0","0","0","","","","827","23.74","253.25
","24.37
","250.0625","69",""
,"743","2013-05-03 09:52:50","23.74","74.732","","","0","0","0","","","","828","23.74","253.25
","24.44
","250.0625","70",""
,"744","2013-05-03 09:52:56","23.74","74.732","","","0","0","0","","","","826","23.74","253.50
","24.44
","250.0625","70",""
,"745","2013-05-03 09:53:01","23.74","74.732","","","0","0","0","","","","828","23.74","253.50
","24.44
","250.0625","69",""
,"746","2013-05-03 09:53:13","23.59","74.462","","","0","0","0","","","","831","23.59","254.00
","24.37
","250.0625","69",""
,"747","2013-05-03 09:53:19","23.74","74.732","","","0","0","0","","","","828","23.74","254.00
","24.37
","250.0625","69",""
,"748","2013-05-03 09:53:32","23.74","74.732","","","0","0","0","","","","826","23.74","254.50
","24.44
","250.0625","70",""
,"749","2013-05-03 09:53:47","23.59","74.462","","","0","0","0","","","","828","23.59","254.25
","24.44
","250.0625","70",""
,"750","2013-05-03 09:54:02","23.74","74.732","","","0","0","0","","","","822","23.74","254.00
","24.44
","250.0625","69",""
,"751","2013-05-03 09:54:03","23.74","74.732","","","0","0","0","","","","828","23.74","254.00
","24.37
","250.0625","70",""
,"752","2013-05-03 09:54:19","23.74","74.732","","","0","0","0","","","","826","23.74","253.75
","24.44
","250.0625","69",""
,"753","2013-05-03 09:54:36","23.74","74.732","","","0","0","0","","","","829","23.74","253.50
","24.44
","250.0625","70",""
,"754","2013-05-03 09:54:52","23.74","74.732","","","0","0","0","","","","829","23.74","253.25
","24.44
","250.0625","70",""
,"755","2013-05-03 09:55:02","23.74","74.732","","","0","0","0","","","","831","23.74","253.00
","24.37
","250.0625","69",""
,"756","2013-05-03 09:55:08","23.74","74.732","","","0","0","0","","","","829","23.74","253.00
","24.37
","250.0625","70",""
,"757","2013-05-03 09:55:13","23.74","74.732","","","0","0","0","","","","822","23.74","252.75
","24.37
","250.0625","70",""
,"758","2013-05-03 09:55:26","23.74","74.732","","","0","0","0","","","","822","23.74","252.50
","24.37
","250.0625","70",""
,"759","2013-05-03 09:55:35","23.74","74.732","","","0","0","0","","","","822","23.74","252.25
","24.44
","250.0625","69",""
,"760","2013-05-03 09:55:52","23.59","74.462","","","0","0","0","","","","822","23.59","251.75
","24.37
","250.0625","70",""
,"761","2013-05-03 09:56:02","23.74","74.732","","","0","0","0","","","","828","23.74","251.75
","24.37
","250.0625","70",""
,"762","2013-05-03 09:56:08","23.74","74.732","","","0","0","0","","","","826","23.74","251.50
","24.37
","250.0625","70",""
,"763","2013-05-03 09:56:25","23.59","74.462","","","0","0","0","","","","822","23.59","251.25
","24.37
","250.0625","69",""
,"764","2013-05-03 09:56:41","23.74","74.732","","","0","0","0","","","","830","23.74","251.00
","24.37
","250.0625","69",""
,"765","2013-05-03 09:56:57","23.74","74.732","","","0","0","0","","","","830","23.74","250.75
","24.37
","250.0625","69",""
,"766","2013-05-03 09:57:03","23.59","74.462","","","0","0","0","","","","827","23.59","250.50
","24.31
","250.0625","69",""
,"767","2013-05-03 09:57:14","23.74","74.732","","","0","0","0","","","","830","23.74","250.50
","24.37
","250.0625","69",""
,"768","2013-05-03 09:57:30","23.74","74.732","","","0","0","0","","","","824","23.74","250.50
","24.37
","250.0625","69",""
,"769","2013-05-03 09:57:46","23.74","74.732","","","0","0","0","","","","827","23.74","250.25
","24.37
","250.0625","70",""
,"770","2013-05-03 09:58:02","23.59","74.462","","","0","0","0","","","","826","23.59","249.75
","24.37
","250.0625","69",""
,"771","2013-05-03 09:58:02","23.74","74.732","","","0","0","0","","","","827","23.74","249.75
","24.37
","250.0625","70",""
,"772","2013-05-03 09:58:08","23.74","74.732","","","0","0","0","","","","822","23.74","249.50
","24.37
","250.0625","70",""
,"773","2013-05-03 09:58:19","23.59","74.462","","","0","0","0","","","","824","23.59","249.50
","24.37
","250.0625","69",""
,"774","2013-05-03 09:58:31","23.59","74.462","","","0","0","0","","","","829","23.59","249.50
","24.37
","250.0625","70",""
,"775","2013-05-03 09:58:35","23.59","74.462","","","0","0","0","","","","827","23.59","249.25
","24.37
","250.0625","70",""
,"776","2013-05-03 09:58:51","23.74","74.732","","","0","0","0","","","","827","23.74","249.50
","24.37
","250.0625","69",""
,"777","2013-05-03 09:58:53","23.74","74.732","","","0","0","0","","","","823","23.74","249.50
","24.37
","250.0625","70",""
,"778","2013-05-03 09:59:01","23.74","74.732","","","0","0","0","","","","829","23.74","249.50
","24.37
","250.0625","69",""
,"779","2013-05-03 09:59:08","23.74","74.732","","","0","0","0","","","","826","23.74","249.50
","24.37
","250.0625","69",""
,"780","2013-05-03 09:59:12","23.74","74.732","","","0","0","0","","","","829","23.74","249.50
","24.37
","250.0625","69",""
,"781","2013-05-03 09:59:24","23.74","74.732","","","0","0","0","","","","828","23.74","249.75
","24.37
","250.0625","70",""
,"782","2013-05-03 09:59:32","23.74","74.732","","","0","0","0","","","","826","23.74","249.75
","24.37
","250.0625","70",""
,"783","2013-05-03 09:59:40","23.74","74.732","","","0","0","0","","","","830","23.74","249.75
","24.37
","250.0625","70",""
,"784","2013-05-03 09:59:51","23.74","74.732","","","0","0","0","","","","828","23.74","249.50
","24.37
","250.0625","70",""
,"785","2013-05-03 10:00:02","23.74","74.732","","","0","0","0","","","","821","23.74","249.50
","24.37
","250.0625","69",""
,"786","2013-05-03 10:01:02","23.74","74.732","","","0","0","0","","","","826","23.74","245.00
","24.37
","250.0625","69",""
,"787","2013-05-03 10:02:02","23.74","74.732","","","0","0","0","","","","825","23.74","244.25
","24.37
","250.0625","70",""
,"788","2013-05-03 10:03:02","23.59","74.462","","","0","0","0","","","","825","23.59","247.75
","24.37
","250.0625","70",""
,"789","2013-05-03 10:04:01","23.74","74.732","","","0","0","0","","","","822","23.74","249.25
","24.37
","250.0625","70",""
,"790","2013-05-03 10:04:01","23.74","74.732","","","0","0","0","","","","821","23.74","249.25
","24.37
","250.0625","69",""
,"791","2013-05-03 10:05:01","23.74","74.732","","","0","0","0","","","","826","23.74","249.75
","24.37
","250.0625","69",""
,"792","2013-05-03 10:05:08","23.74","74.732","","","0","0","0","","","","829","23.74","249.75
","24.37
","250.0625","70",""
,"793","2013-05-03 10:06:02","23.74","74.732","","","0","0","0","","","","827","23.74","250.00
","24.37
","250.0625","70",""
,"794","2013-05-03 10:07:02","23.74","74.732","","","0","0","0","","","","826","23.74","250.50
","24.37
","250.0625","70",""
,"795","2013-05-03 10:07:19","23.74","74.732","","","0","0","0","","","","827","23.74","250.75
","24.37
","250.0625","69",""
,"796","2013-05-03 10:08:02","23.74","74.732","","","0","0","0","","","","823","23.74","250.75
","24.37
","250.0625","70",""
,"797","2013-05-03 10:08:21","23.74","74.732","","","0","0","0","","","","826","23.74","250.75
","24.44
","250.0625","70",""
,"798","2013-05-03 10:09:03","23.74","74.732","","","0","0","0","","","","825","23.74","250.75
","24.44
","250.0625","70",""
,"799","2013-05-03 10:09:14","23.74","74.732","","","0","0","0","","","","824","23.74","250.75
","24.37
","250.0625","70",""
,"800","2013-05-03 10:10:02","23.14","73.652","","","0","0","0","","","","827","23.14","246.00
","24.44
","250.0625","71",""
,"801","2013-05-03 10:10:24","22.99","73.382","","","0","0","0","","","","821","22.99","241.25
","24.50
","250.0625","65",""
,"802","2013-05-03 10:10:41","22.99","73.382","","","0","0","0","","","","825","22.99","243.00
","24.37
","250.0625","66",""
,"803","2013-05-03 10:10:57","22.99","73.382","","","0","0","0","","","","826","22.99","245.75
","24.37
","250.0625","66",""
,"804","2013-05-03 10:11:01","22.84","73.112","","","0","0","0","","","","826","22.84","246.25
","24.37
","250.0625","65",""
,"805","2013-05-03 10:11:14","22.99","73.382","","","0","0","0","","","","823","22.99","248.00
","24.31
","250.0625","66",""
,"806","2013-05-03 10:11:30","22.99","73.382","","","0","0","0","","","","826","22.99","250.00
","24.31
","250.0625","66",""
,"807","2013-05-03 10:11:46","22.99","73.382","","","0","0","0","","","","827","22.99","251.50
","24.25
","250.0625","67",""
,"808","2013-05-03 10:12:02","22.84","73.112","","","0","0","0","","","","825","22.84","253.00
","24.25
","250.0625","67",""
,"809","2013-05-03 10:12:03","22.84","73.112","","","0","0","0","","","","826","22.84","253.00
","24.25
","250.0625","67",""
,"810","2013-05-03 10:12:19","22.84","73.112","","","0","0","0","","","","826","22.84","254.50
","24.19
","250.0625","67",""
,"811","2013-05-03 10:12:36","22.84","73.112","","","0","0","0","","","","826","22.84","255.75
","24.19
","250.0625","66",""
,"812","2013-05-03 10:12:52","22.99","73.382","","","0","0","0","","","","826","22.99","256.75
","24.19
","250.0625","66",""
,"813","2013-05-03 10:13:02","22.99","73.382","","","0","0","0","","","","829","22.99","257.25
","24.12
","250.0625","66",""
,"814","2013-05-03 10:13:08","22.99","73.382","","","0","0","0","","","","820","22.99","257.50
","24.19
","250.0625","66",""
,"815","2013-05-03 10:13:24","22.84","73.112","","","0","0","0","","","","826","22.84","257.50
","24.19
","250.0625","67",""
,"816","2013-05-03 10:13:36","22.84","73.112","","","0","0","0","","","","821","22.84","257.50
","24.12
","250.0625","67",""
,"817","2013-05-03 10:13:53","22.84","73.112","","","0","0","0","","","","829","22.84","257.50
","24.06
","250.0625","67",""
,"818","2013-05-03 10:14:02","22.84","73.112","","","0","0","0","","","","826","22.84","257.50
","24.12
","250.0625","66",""
,"819","2013-05-03 10:14:09","22.84","73.112","","","0","0","0","","","","824","22.84","257.25
","24.12
","250.0625","66",""
,"820","2013-05-03 10:14:26","22.84","73.112","","","0","0","0","","","","827","22.84","257.25
","24.12
","250.0625","66",""
,"821","2013-05-03 10:14:42","22.84","73.112","","","0","0","0","","","","828","22.84","257.50
","24.12
","250.0625","66",""
,"822","2013-05-03 10:15:00","22.84","73.112","","","0","0","0","","","","821","22.84","257.25
","24.06
","250.0625","67",""
,"823","2013-05-03 10:15:02","22.84","73.112","","","0","0","0","","","","829","22.84","257.25
","24.12
","250.0625","67",""
,"824","2013-05-03 10:15:04","22.84","73.112","","","0","0","0","","","","826","22.84","257.25
","24.12
","250.0625","66",""
,"825","2013-05-03 10:15:16","22.84","73.112","","","0","0","0","","","","820","22.84","256.50
","24.06
","250.0625","67",""
,"826","2013-05-03 10:15:28","22.84","73.112","","","0","0","0","","","","828","22.84","256.25
","24.06
","250.0625","68",""
,"827","2013-05-03 10:15:34","22.84","73.112","","","0","0","0","","","","829","22.84","256.00
","24.06
","250.0625","67",""
,"828","2013-05-03 10:15:51","22.84","73.112","","","0","0","0","","","","828","22.84","255.00
","24.06
","250.0625","66",""
,"829","2013-05-03 10:16:02","22.84","73.112","","","0","0","0","","","","822","22.84","254.00
","24.06
","250.0625","67",""
,"830","2013-05-03 10:16:03","22.84","73.112","","","0","0","0","","","","827","22.84","254.00
","24.06
","250.0625","67",""
,"831","2013-05-03 10:16:19","22.84","73.112","","","0","0","0","","","","829","22.84","253.25
","24.06
","250.0625","67",""
,"832","2013-05-03 10:16:35","22.84","73.112","","","0","0","0","","","","825","22.84","253.00
","24.06
","250.0625","67",""
,"833","2013-05-03 10:16:52","22.84","73.112","","","0","0","0","","","","827","22.84","252.25
","24.00
","250.0625","67",""
,"834","2013-05-03 10:17:01","22.84","73.112","","","0","0","0","","","","822","22.84","251.75
","24.00
","250.0625","66",""
,"835","2013-05-03 10:17:08","22.84","73.112","","","0","0","0","","","","826","22.84","251.50
","24.06
","250.0625","66",""
,"836","2013-05-03 10:17:24","22.84","73.112","","","0","0","0","","","","826","22.84","250.75
","24.06
","250.0625","67",""
,"837","2013-05-03 10:17:40","22.69","72.842","","","0","0","0","","","","829","22.69","250.00
","24.00
","250.0625","66",""
,"838","2013-05-03 10:17:57","22.69","72.842","","","0","0","0","","","","825","22.69","249.75
","24.00
","250.0625","67",""
,"839","2013-05-03 10:18:02","22.69","72.842","","","0","0","0","","","","824","22.69","249.50
","24.00
","250.0625","67",""
,"840","2013-05-03 10:18:14","22.69","72.842","","","0","0","0","","","","825","22.69","249.25
","24.00
","250.0625","67",""
,"841","2013-05-03 10:18:14","22.69","72.842","","","0","0","0","","","","826","22.69","249.25
","24.00
","250.0625","68",""
